/*
Navicat MySQL Data Transfer

Source Server         : mySql
Source Server Version : 50137
Source Host           : localhost:3306
Source Database       : comadmin

Target Server Type    : MYSQL
Target Server Version : 50137
File Encoding         : 65001

Date: 2018-08-10 19:14:54
*/

SET FOREIGN_KEY_CHECKS=0;

-- ----------------------------
-- Table structure for sys_group
-- ----------------------------
DROP TABLE IF EXISTS `sys_group`;
CREATE TABLE `sys_group` (
  `id` varchar(36) NOT NULL,
  `name` varchar(40) DEFAULT NULL COMMENT '分组名称',
  `parent_id` varchar(36) DEFAULT NULL COMMENT '父分组ID',
  `level` bigint(2) DEFAULT NULL,
  `parent_ids` varchar(2000) DEFAULT NULL COMMENT '分组序列号',
  `sort` smallint(6) DEFAULT NULL COMMENT '分组排序值',
  `create_by` varchar(36) DEFAULT NULL,
  `create_date` datetime DEFAULT NULL,
  `update_by` varchar(36) DEFAULT NULL,
  `update_date` datetime DEFAULT NULL,
  `remarks` varchar(255) DEFAULT NULL,
  `del_flag` tinyint(2) DEFAULT NULL,
  PRIMARY KEY (`id`)
) ENGINE=InnoDB DEFAULT CHARSET=utf8;

-- ----------------------------
-- Records of sys_group
-- ----------------------------

-- ----------------------------
-- Table structure for sys_group_ur
-- ----------------------------
DROP TABLE IF EXISTS `sys_group_ur`;
CREATE TABLE `sys_group_ur` (
  `group_id` varchar(36) NOT NULL COMMENT '分组ID',
  `user_id` varchar(36) DEFAULT NULL COMMENT '用户ID',
  `role_id` varchar(36) DEFAULT NULL COMMENT '角色ID',
  PRIMARY KEY (`group_id`)
) ENGINE=InnoDB DEFAULT CHARSET=utf8;

-- ----------------------------
-- Records of sys_group_ur
-- ----------------------------

-- ----------------------------
-- Table structure for sys_menu
-- ----------------------------
DROP TABLE IF EXISTS `sys_menu`;
CREATE TABLE `sys_menu` (
  `id` varchar(36) NOT NULL,
  `name` varchar(40) DEFAULT NULL COMMENT '菜单名称',
  `parent_id` varchar(36) DEFAULT NULL COMMENT '父菜单',
  `level` bigint(2) DEFAULT NULL COMMENT '菜单层级',
  `parent_ids` varchar(2000) DEFAULT NULL COMMENT '父菜单联集',
  `sort` smallint(6) DEFAULT NULL COMMENT '排序',
  `href` varchar(2000) DEFAULT NULL COMMENT '链接地址',
  `target` varchar(20) DEFAULT NULL COMMENT '打开方式',
  `icon` varchar(100) DEFAULT NULL COMMENT '菜单图标',
  `bg_color` varchar(255) DEFAULT NULL COMMENT '显示背景色',
  `is_show` tinyint(2) DEFAULT NULL COMMENT '是否显示',
  `permission` varchar(200) DEFAULT NULL COMMENT '权限标识',
  `create_by` varchar(36) DEFAULT NULL,
  `create_date` datetime DEFAULT NULL,
  `update_by` varchar(36) DEFAULT NULL,
  `update_date` datetime DEFAULT NULL,
  `remarks` varchar(255) DEFAULT NULL,
  `del_flag` tinyint(2) DEFAULT NULL,
  PRIMARY KEY (`id`)
) ENGINE=InnoDB DEFAULT CHARSET=utf8;

-- ----------------------------
-- Records of sys_menu
-- ----------------------------
INSERT INTO `sys_menu` VALUES ('3b54e2a2-9adb-11e8-aebe-1368d4ec24eb', '系统用户管理', '7d1020ee-9ad9-11e8-aebe-1368d4ec24eb', '2', '7d1020ee-9ad9-11e8-aebe-1368d4ec24eb,', '9', '/admin/system/user/list', null, '', '#47e69c', '1', 'sys:user:list', '1', '2018-01-16 11:31:18', '1', '2018-01-20 05:59:20', null, '0');
INSERT INTO `sys_menu` VALUES ('3b58e01e-9adb-11e8-aebe-1368d4ec24eb', '系统角色管理', '7d1020ee-9ad9-11e8-aebe-1368d4ec24eb', '2', '7d1020ee-9ad9-11e8-aebe-1368d4ec24eb,', '10', '/admin/system/role/list', null, '', '#c23ab9', '1', 'sys:role:list', '1', '2018-01-16 11:32:33', '1', '2018-01-20 05:58:58', null, '0');
INSERT INTO `sys_menu` VALUES ('3b5cb607-9adb-11e8-aebe-1368d4ec24eb', '系统权限管理', '7d1020ee-9ad9-11e8-aebe-1368d4ec24eb', '2', '7d1020ee-9ad9-11e8-aebe-1368d4ec24eb,', '20', '/admin/system/menu/list', null, '', '#d4573b', '1', 'sys:menu:list', '1', '2018-01-16 11:33:19', '1', '2018-02-08 09:49:28', null, '0');
INSERT INTO `sys_menu` VALUES ('3b61d395-9adb-11e8-aebe-1368d4ec24eb', '系统资源管理', '7d1020ee-9ad9-11e8-aebe-1368d4ec24eb', '2', '7d1020ee-9ad9-11e8-aebe-1368d4ec24eb,', '30', '/admin/system/rescource/list', null, '', '#f5e42a', '1', 'sys:rescource:list', '1', '2018-01-16 11:34:48', '1', '2018-01-20 05:56:35', null, '0');
INSERT INTO `sys_menu` VALUES ('3b664e79-9adb-11e8-aebe-1368d4ec24eb', '系统日志管理', '7d1020ee-9ad9-11e8-aebe-1368d4ec24eb', '2', '7d1020ee-9ad9-11e8-aebe-1368d4ec24eb,', '40', '/admin/system/log/list', null, '', '#b56c18', '1', 'sys:log:list', '1', '2018-01-16 11:35:31', '1', '2018-01-20 05:12:17', null, '0');
INSERT INTO `sys_menu` VALUES ('3b6b0d28-9adb-11e8-aebe-1368d4ec24eb', '系统字典管理', '7d1020ee-9ad9-11e8-aebe-1368d4ec24eb', '2', '7d1020ee-9ad9-11e8-aebe-1368d4ec24eb,', '70', '/admin/system/dict/list', null, '', '#1bbcc2', '1', 'sys:dict:list', '1', '2018-01-16 14:51:52', '1', '2018-01-20 03:12:27', null, '0');
INSERT INTO `sys_menu` VALUES ('3e0b86a3-9adc-11e8-aebe-1368d4ec24eb', '新增系统用户', '3b54e2a2-9adb-11e8-aebe-1368d4ec24eb', '3', '7d1020ee-9ad9-11e8-aebe-1368d4ec24eb,3b54e2a2-9adb-11e8-aebe-1368d4ec24eb,', '0', '', null, null, null, '0', 'sys:user:add', '1', '2018-02-08 10:10:32', '1', '2018-02-08 10:10:32', null, '0');
INSERT INTO `sys_menu` VALUES ('3e2fa8b6-9adc-11e8-aebe-1368d4ec24eb', '编辑系统用户', '3b54e2a2-9adb-11e8-aebe-1368d4ec24eb', '3', '7d1020ee-9ad9-11e8-aebe-1368d4ec24eb,3b54e2a2-9adb-11e8-aebe-1368d4ec24eb,', '10', '', null, null, null, '0', 'sys:user:edit', '1', '2018-02-08 10:11:49', '1', '2018-02-08 10:11:49', null, '0');
INSERT INTO `sys_menu` VALUES ('3e36cf2f-9adc-11e8-aebe-1368d4ec24eb', '删除系统用户', '3b54e2a2-9adb-11e8-aebe-1368d4ec24eb', '3', '7d1020ee-9ad9-11e8-aebe-1368d4ec24eb,3b54e2a2-9adb-11e8-aebe-1368d4ec24eb,', '20', '', null, null, null, '0', 'sys:user:delete', '1', '2018-02-08 10:12:43', '1', '2018-02-08 10:12:43', null, '0');
INSERT INTO `sys_menu` VALUES ('7170d201-9adb-11e8-aebe-1368d4ec24eb', '新增字典', '3b6b0d28-9adb-11e8-aebe-1368d4ec24eb', '3', '7d1020ee-9ad9-11e8-aebe-1368d4ec24eb,3b6b0d28-9adb-11e8-aebe-1368d4ec24eb,', '0', '', null, null, null, '0', 'sys:dict:add', '1', '2018-02-08 09:39:09', '1', '2018-02-08 09:39:19', null, '0');
INSERT INTO `sys_menu` VALUES ('717a7efc-9adb-11e8-aebe-1368d4ec24eb', '编辑字典', '3b6b0d28-9adb-11e8-aebe-1368d4ec24eb', '3', '7d1020ee-9ad9-11e8-aebe-1368d4ec24eb,3b6b0d28-9adb-11e8-aebe-1368d4ec24eb,', '10', '', null, null, null, '0', 'sys:dict:edit', '1', '2018-02-08 09:40:37', '1', '2018-02-08 09:40:46', null, '0');
INSERT INTO `sys_menu` VALUES ('717e0cbc-9adb-11e8-aebe-1368d4ec24eb', '编辑字典类型', '3b6b0d28-9adb-11e8-aebe-1368d4ec24eb', '3', '7d1020ee-9ad9-11e8-aebe-1368d4ec24eb,3b6b0d28-9adb-11e8-aebe-1368d4ec24eb,', '20', '', null, null, null, '0', 'sys:dict:editType', '1', '2018-02-08 09:42:46', '1', '2018-02-08 09:54:07', null, '0');
INSERT INTO `sys_menu` VALUES ('7d1020ee-9ad9-11e8-aebe-1368d4ec24eb', '系统管理', null, '1', '', '1', '', null, '', null, '1', '', '1', '2018-01-16 11:29:46', '1', '2018-01-20 03:09:26', null, '0');
INSERT INTO `sys_menu` VALUES ('96fd6a5a-9adb-11e8-aebe-1368d4ec24eb', '新增系统权限', '3b5cb607-9adb-11e8-aebe-1368d4ec24eb', '3', '7d1020ee-9ad9-11e8-aebe-1368d4ec24eb,3b5cb607-9adb-11e8-aebe-1368d4ec24eb,', '0', '', null, null, null, '0', 'sys:menu:add', '1', '2018-02-08 09:49:15', '1', '2018-02-08 09:49:38', null, '0');
INSERT INTO `sys_menu` VALUES ('9703ccf2-9adb-11e8-aebe-1368d4ec24eb', '编辑系统权限', '3b5cb607-9adb-11e8-aebe-1368d4ec24eb', '3', '7d1020ee-9ad9-11e8-aebe-1368d4ec24eb,3b5cb607-9adb-11e8-aebe-1368d4ec24eb,', '10', '', null, null, null, '0', 'sys:menu:edit', '1', '2018-02-08 09:50:16', '1', '2018-02-08 09:50:25', null, '0');
INSERT INTO `sys_menu` VALUES ('9707cf58-9adb-11e8-aebe-1368d4ec24eb', '删除系统权限', '3b5cb607-9adb-11e8-aebe-1368d4ec24eb', '3', '7d1020ee-9ad9-11e8-aebe-1368d4ec24eb,3b5cb607-9adb-11e8-aebe-1368d4ec24eb,', '20', '', null, null, null, '0', 'sys:menu:delete', '1', '2018-02-08 09:51:53', '1', '2018-02-08 09:53:42', null, '0');
INSERT INTO `sys_menu` VALUES ('c93dae76-9adb-11e8-aebe-1368d4ec24eb', '删除系统资源', '3b61d395-9adb-11e8-aebe-1368d4ec24eb', '3', '7d1020ee-9ad9-11e8-aebe-1368d4ec24eb,3b61d395-9adb-11e8-aebe-1368d4ec24eb,', '0', '', null, null, null, '0', 'sys:rescource:delete', '1', '2018-02-08 09:56:44', '1', '2018-02-08 09:56:53', null, '0');
INSERT INTO `sys_menu` VALUES ('ff619e04-9adb-11e8-aebe-1368d4ec24eb', '新增系统角色', '3b58e01e-9adb-11e8-aebe-1368d4ec24eb', '3', '7d1020ee-9ad9-11e8-aebe-1368d4ec24eb,3b58e01e-9adb-11e8-aebe-1368d4ec24eb,', '0', '', null, null, null, '0', 'sys:role:add', '1', '2018-02-08 09:58:11', '1', '2018-02-08 09:58:11', null, '0');
INSERT INTO `sys_menu` VALUES ('ff9477c9-9adb-11e8-aebe-1368d4ec24eb', '编辑菜单权限', '3b58e01e-9adb-11e8-aebe-1368d4ec24eb', '3', '7d1020ee-9ad9-11e8-aebe-1368d4ec24eb,3b58e01e-9adb-11e8-aebe-1368d4ec24eb,', '10', '', null, null, null, '0', 'sys:role:edit', '1', '2018-02-08 09:59:01', '1', '2018-02-08 09:59:01', null, '0');
INSERT INTO `sys_menu` VALUES ('ff9ad846-9adb-11e8-aebe-1368d4ec24eb', '删除角色', '3b58e01e-9adb-11e8-aebe-1368d4ec24eb', '3', '7d1020ee-9ad9-11e8-aebe-1368d4ec24eb,3b58e01e-9adb-11e8-aebe-1368d4ec24eb,', '20', '', null, null, null, '0', 'sys:role:delete', '1', '2018-02-08 09:59:56', '1', '2018-02-08 09:59:56', null, '0');

-- ----------------------------
-- Table structure for sys_role
-- ----------------------------
DROP TABLE IF EXISTS `sys_role`;
CREATE TABLE `sys_role` (
  `id` varchar(36) NOT NULL,
  `name` varchar(40) DEFAULT NULL COMMENT '角色名称',
  `create_date` datetime DEFAULT NULL,
  `create_by` varchar(36) DEFAULT NULL,
  `update_date` datetime DEFAULT NULL,
  `update_by` varchar(36) DEFAULT NULL,
  `remarks` varchar(255) DEFAULT NULL,
  `del_flag` tinyint(2) DEFAULT NULL,
  PRIMARY KEY (`id`)
) ENGINE=InnoDB DEFAULT CHARSET=utf8;

-- ----------------------------
-- Records of sys_role
-- ----------------------------
INSERT INTO `sys_role` VALUES ('70689483-9ad7-11e8-aebe-1368d4ec24eb', '老司机', '2017-11-02 14:19:07', '1', '2018-02-08 13:24:35', '1', '', '0');
INSERT INTO `sys_role` VALUES ('706e0195-9ad7-11e8-aebe-1368d4ec24eb', '系统管理员', '2017-11-29 19:36:37', '1', '2018-07-12 18:47:20', '1', '', '0');

-- ----------------------------
-- Table structure for sys_role_menu
-- ----------------------------
DROP TABLE IF EXISTS `sys_role_menu`;
CREATE TABLE `sys_role_menu` (
  `role_id` varchar(36) NOT NULL,
  `menu_id` varchar(36) NOT NULL,
  PRIMARY KEY (`role_id`,`menu_id`)
) ENGINE=InnoDB DEFAULT CHARSET=utf8;

-- ----------------------------
-- Records of sys_role_menu
-- ----------------------------
INSERT INTO `sys_role_menu` VALUES ('706e0195-9ad7-11e8-aebe-1368d4ec24eb', '3b54e2a2-9adb-11e8-aebe-1368d4ec24eb');
INSERT INTO `sys_role_menu` VALUES ('706e0195-9ad7-11e8-aebe-1368d4ec24eb', '3b58e01e-9adb-11e8-aebe-1368d4ec24eb');
INSERT INTO `sys_role_menu` VALUES ('706e0195-9ad7-11e8-aebe-1368d4ec24eb', '3b5cb607-9adb-11e8-aebe-1368d4ec24eb');
INSERT INTO `sys_role_menu` VALUES ('706e0195-9ad7-11e8-aebe-1368d4ec24eb', '3b61d395-9adb-11e8-aebe-1368d4ec24eb');
INSERT INTO `sys_role_menu` VALUES ('706e0195-9ad7-11e8-aebe-1368d4ec24eb', '3b664e79-9adb-11e8-aebe-1368d4ec24eb');
INSERT INTO `sys_role_menu` VALUES ('706e0195-9ad7-11e8-aebe-1368d4ec24eb', '3b6b0d28-9adb-11e8-aebe-1368d4ec24eb');
INSERT INTO `sys_role_menu` VALUES ('706e0195-9ad7-11e8-aebe-1368d4ec24eb', '3e0b86a3-9adc-11e8-aebe-1368d4ec24eb');
INSERT INTO `sys_role_menu` VALUES ('706e0195-9ad7-11e8-aebe-1368d4ec24eb', '3e2fa8b6-9adc-11e8-aebe-1368d4ec24eb');
INSERT INTO `sys_role_menu` VALUES ('706e0195-9ad7-11e8-aebe-1368d4ec24eb', '3e36cf2f-9adc-11e8-aebe-1368d4ec24eb');
INSERT INTO `sys_role_menu` VALUES ('706e0195-9ad7-11e8-aebe-1368d4ec24eb', '7170d201-9adb-11e8-aebe-1368d4ec24eb');
INSERT INTO `sys_role_menu` VALUES ('706e0195-9ad7-11e8-aebe-1368d4ec24eb', '717a7efc-9adb-11e8-aebe-1368d4ec24eb');
INSERT INTO `sys_role_menu` VALUES ('706e0195-9ad7-11e8-aebe-1368d4ec24eb', '717e0cbc-9adb-11e8-aebe-1368d4ec24eb');
INSERT INTO `sys_role_menu` VALUES ('706e0195-9ad7-11e8-aebe-1368d4ec24eb', '7d1020ee-9ad9-11e8-aebe-1368d4ec24eb');
INSERT INTO `sys_role_menu` VALUES ('706e0195-9ad7-11e8-aebe-1368d4ec24eb', '96fd6a5a-9adb-11e8-aebe-1368d4ec24eb');
INSERT INTO `sys_role_menu` VALUES ('706e0195-9ad7-11e8-aebe-1368d4ec24eb', '9703ccf2-9adb-11e8-aebe-1368d4ec24eb');
INSERT INTO `sys_role_menu` VALUES ('706e0195-9ad7-11e8-aebe-1368d4ec24eb', '9707cf58-9adb-11e8-aebe-1368d4ec24eb');
INSERT INTO `sys_role_menu` VALUES ('706e0195-9ad7-11e8-aebe-1368d4ec24eb', 'c93dae76-9adb-11e8-aebe-1368d4ec24eb');
INSERT INTO `sys_role_menu` VALUES ('706e0195-9ad7-11e8-aebe-1368d4ec24eb', 'ff619e04-9adb-11e8-aebe-1368d4ec24eb');
INSERT INTO `sys_role_menu` VALUES ('706e0195-9ad7-11e8-aebe-1368d4ec24eb', 'ff9477c9-9adb-11e8-aebe-1368d4ec24eb');
INSERT INTO `sys_role_menu` VALUES ('706e0195-9ad7-11e8-aebe-1368d4ec24eb', 'ff9ad846-9adb-11e8-aebe-1368d4ec24eb');

-- ----------------------------
-- Table structure for sys_user
-- ----------------------------
DROP TABLE IF EXISTS `sys_user`;
CREATE TABLE `sys_user` (
  `id` varchar(36) NOT NULL COMMENT '用户ID',
  `login_name` varchar(36) DEFAULT NULL COMMENT '登录名',
  `nick_name` varchar(40) DEFAULT NULL COMMENT '昵称',
  `icon` varchar(2000) DEFAULT NULL,
  `password` varchar(40) DEFAULT NULL COMMENT '密码',
  `salt` varchar(40) DEFAULT NULL COMMENT 'shiro加密盐',
  `tel` varchar(11) DEFAULT NULL COMMENT '手机号码',
  `email` varchar(200) DEFAULT NULL COMMENT '邮箱地址',
  `locked` tinyint(2) DEFAULT NULL COMMENT '是否锁定',
  `create_date` datetime DEFAULT NULL,
  `create_by` varchar(36) DEFAULT NULL,
  `update_date` datetime DEFAULT NULL,
  `update_by` varchar(36) DEFAULT NULL,
  `remarks` varchar(255) DEFAULT NULL,
  `del_flag` tinyint(4) NOT NULL,
  `is_admin` tinyint(2) DEFAULT NULL,
  PRIMARY KEY (`id`)
) ENGINE=InnoDB DEFAULT CHARSET=utf8;

-- ----------------------------
-- Records of sys_user
-- ----------------------------
INSERT INTO `sys_user` VALUES ('18b8b543-9ad7-11e8-aebe-1368d4ec24eb', 'java', '我是管理员', '', '810339f5426fe2dcaf92c5cac718acc6471a034b', '3fb62b5aeede1bbf', '13776055179', 'b@qq.com', '0', '2017-11-27 22:19:39', '1', '2018-06-16 04:27:15', '1', '', '0', '1');

-- ----------------------------
-- Table structure for sys_user_role
-- ----------------------------
DROP TABLE IF EXISTS `sys_user_role`;
CREATE TABLE `sys_user_role` (
  `user_id` varchar(36) NOT NULL,
  `role_id` varchar(36) NOT NULL,
  PRIMARY KEY (`user_id`,`role_id`)
) ENGINE=InnoDB DEFAULT CHARSET=utf8;

-- ----------------------------
-- Records of sys_user_role
-- ----------------------------
INSERT INTO `sys_user_role` VALUES ('18b8b543-9ad7-11e8-aebe-1368d4ec24eb', '70689483-9ad7-11e8-aebe-1368d4ec24eb');
INSERT INTO `sys_user_role` VALUES ('18b8b543-9ad7-11e8-aebe-1368d4ec24eb', '706e0195-9ad7-11e8-aebe-1368d4ec24eb');
